0.978384138,0.962680526,0.954590524,0.908813049,0.889167048,0.859386170,0.849356691,0.828735096,0.807548976,0.785585645,0.749157852,0.737012251,0.712080970,0.699549569,0.686857825,0.661715047,0.649417130,0.636975081,0.622762957,0.608358475,0.593458311,0.576899343,0.560255119,0.543268834,0.543268834,0.543268834,0.543268834,0.543268834,0.543268834,0.543268834,0.543268834,0.543268834,0.543268834,0.543268834,0.543268834,0.543268834,0.543268834,0.543268834,0.543268834,0.543268834,0.543268834,0.543268834,0.543268834,0.543268834,0.543268834,0.543268834,0.543268834,0.543268834,0.543268834,0.543268834,0.543268834,0.543268834,0.543268834,0.543268834,0.543268834
0.974574402,0.956165744,0.946703037,0.893430579,0.870713161,0.836447497,0.824954930,0.801401390,0.777311824,0.752457418,0.711508837,0.697933938,0.670194295,0.656316282,0.642305867,0.614687705,0.601246670,0.587694277,0.572271618,0.556704216,0.540670234,0.522935426,0.505200675,0.487198209,0.487198209,0.487198209,0.487198209,0.487198209,0.487198209,0.487198209,0.487198209,0.487198209,0.487198209,0.487198209,0.487198209,0.487198209,0.487198209,0.487198209,0.487198209,0.487198209,0.487198209,0.487198209,0.487198209,0.487198209,0.487198209,0.487198209,0.487198209,0.487198209,0.487198209,0.487198209,0.487198209,0.487198209,0.487198209,0.487198209,0.487198209
0.996322555,0.993608345,0.992195674,0.984009169,0.980390302,0.974775689,0.972848393,0.968825479,0.964604807,0.960130968,0.952476080,0.949854985,0.944360134,0.941537565,0.938635702,0.932752843,0.929807441,0.926779943,0.923260980,0.919625587,0.915788998,0.911430165,0.906942773,0.902247391,0.902247391,0.902247391,0.902247391,0.902247391,0.902247391,0.902247391,0.902247391,0.902247391,0.902247391,0.902247391,0.902247391,0.902247391,0.902247391,0.902247391,0.902247391,0.902247391,0.902247391,0.902247391,0.902247391,0.902247391,0.902247391,0.902247391,0.902247391,0.902247391,0.902247391,0.902247391,0.902247391,0.902247391,0.902247391,0.902247391,0.902247391
0.983929933,0.972197647,0.966134249,0.931569428,0.916598109,0.893739034,0.885994761,0.869996953,0.853453577,0.836184330,0.807263459,0.797540500,0.777451077,0.767284855,0.756940421,0.736300266,0.726131039,0.715791807,0.703917504,0.691810737,0.679209065,0.665108026,0.650828473,0.636141839,0.636141839,0.636141839,0.636141839,0.636141839,0.636141839,0.636141839,0.636141839,0.636141839,0.636141839,0.636141839,0.636141839,0.636141839,0.636141839,0.636141839,0.636141839,0.636141839,0.636141839,0.636141839,0.636141839,0.636141839,0.636141839,0.636141839,0.636141839,0.636141839,0.636141839,0.636141839,0.636141839,0.636141839,0.636141839,0.636141839,0.636141839
0.968855614,0.946421767,0.934928201,0.870717903,0.843598248,0.802998551,0.789465715,0.761865653,0.733828631,0.705108898,0.658265779,0.642870570,0.611624656,0.596102297,0.580507755,0.549995220,0.535257680,0.520474081,0.503744915,0.486962922,0.469789732,0.450930096,0.432216139,0.413372656,0.413372656,0.413372656,0.413372656,0.413372656,0.413372656,0.413372656,0.413372656,0.413372656,0.413372656,0.413372656,0.413372656,0.413372656,0.413372656,0.413372656,0.413372656,0.413372656,0.413372656,0.413372656,0.413372656,0.413372656,0.413372656,0.413372656,0.413372656,0.413372656,0.413372656,0.413372656,0.413372656,0.413372656,0.413372656,0.413372656,0.413372656
0.988981474,0.980901221,0.976713168,0.952677948,0.942180184,0.926046358,0.920551005,0.909150581,0.897291452,0.884834194,0.863788092,0.856659282,0.841842154,0.834297917,0.826588926,0.811106912,0.803428699,0.795587196,0.786537144,0.777260094,0.767549134,0.756614962,0.745467426,0.733921139,0.733921139,0.733921139,0.733921139,0.733921139,0.733921139,0.733921139,0.733921139,0.733921139,0.733921139,0.733921139,0.733921139,0.733921139,0.733921139,0.733921139,0.733921139,0.733921139,0.733921139,0.733921139,0.733921139,0.733921139,0.733921139,0.733921139,0.733921139,0.733921139,0.733921139,0.733921139,0.733921139,0.733921139,0.733921139,0.733921139,0.733921139
0.996488458,0.993896320,0.992547058,0.984726297,0.981268172,0.975901804,0.974059400,0.970213153,0.966177056,0.961897992,0.954574278,0.952065970,0.946806546,0.944104374,0.941325908,0.935692015,0.932870662,0.929970250,0.926598463,0.923114507,0.919437060,0.915258188,0.910955121,0.906451576,0.906451576,0.906451576,0.906451576,0.906451576,0.906451576,0.906451576,0.906451576,0.906451576,0.906451576,0.906451576,0.906451576,0.906451576,0.906451576,0.906451576,0.906451576,0.906451576,0.906451576,0.906451576,0.906451576,0.906451576,0.906451576,0.906451576,0.906451576,0.906451576,0.906451576,0.906451576,0.906451576,0.906451576,0.906451576,0.906451576,0.906451576
0.979731372,0.964988846,0.957388069,0.914301352,0.895768562,0.867625766,0.858134224,0.838596402,0.818491805,0.797614566,0.762906478,0.751310859,0.727470569,0.715467791,0.703297622,0.679145992,0.667311940,0.655324821,0.641614279,0.627698045,0.613281075,0.597232301,0.581071635,0.564547635,0.564547635,0.564547635,0.564547635,0.564547635,0.564547635,0.564547635,0.564547635,0.564547635,0.564547635,0.564547635,0.564547635,0.564547635,0.564547635,0.564547635,0.564547635,0.564547635,0.564547635,0.564547635,0.564547635,0.564547635,0.564547635,0.564547635,0.564547635,0.564547635,0.564547635,0.564547635,0.564547635,0.564547635,0.564547635,0.564547635,0.564547635
0.803130302,0.682787840,0.627359027,0.383175582,0.307735672,0.218649091,0.194356795,0.151883109,0.117132080,0.088824726,0.055164871,0.046821566,0.033151838,0.027742685,0.023087344,0.015881443,0.013156877,0.010835955,0.008640770,0.006832671,0.005327795,0.004010947,0.002990144,0.002195572,0.002195572,0.002195572,0.002195572,0.002195572,0.002195572,0.002195572,0.002195572,0.002195572,0.002195572,0.002195572,0.002195572,0.002195572,0.002195572,0.002195572,0.002195572,0.002195572,0.002195572,0.002195572,0.002195572,0.002195572,0.002195572,0.002195572,0.002195572,0.002195572,0.002195572,0.002195572,0.002195572,0.002195572,0.002195572,0.002195572,0.002195572
0.981993140,0.968869398,0.962094409,0.923572707,0.906941026,0.881610649,0.873046895,0.855385129,0.837162556,0.818186223,0.786513560,0.775896190,0.754008773,0.742958754,0.731733295,0.709391173,0.698411250,0.687266929,0.674492154,0.661494246,0.647994365,0.632924348,0.617703103,0.602090258,0.602090258,0.602090258,0.602090258,0.602090258,0.602090258,0.602090258,0.602090258,0.602090258,0.602090258,0.602090258,0.602090258,0.602090258,0.602090258,0.602090258,0.602090258,0.602090258,0.602090258,0.602090258,0.602090258,0.602090258,0.602090258,0.602090258,0.602090258,0.602090258,0.602090258,0.602090258,0.602090258,0.602090258,0.602090258,0.602090258,0.602090258
0.993663376,0.988997373,0.986572504,0.972569565,0.966406370,0.956876901,0.953614932,0.946821204,0.939715476,0.932208113,0.919421538,0.915060387,0.905946002,0.901279090,0.896491640,0.886819106,0.881992889,0.877043699,0.871305809,0.865394710,0.859174827,0.852131186,0.844905285,0.837372179,0.837372179,0.837372179,0.837372179,0.837372179,0.837372179,0.837372179,0.837372179,0.837372179,0.837372179,0.837372179,0.837372179,0.837372179,0.837372179,0.837372179,0.837372179,0.837372179,0.837372179,0.837372179,0.837372179,0.837372179,0.837372179,0.837372179,0.837372179,0.837372179,0.837372179,0.837372179,0.837372179,0.837372179,0.837372179,0.837372179,0.837372179
0.875617175,0.793599631,0.753918587,0.559242427,0.489678179,0.398092334,0.370677010,0.319238049,0.272743243,0.230656429,0.172835074,0.156489430,0.126953403,0.113966196,0.101963419,0.081283588,0.072524066,0.064478866,0.056215108,0.048761724,0.041939267,0.035311708,0.029555563,0.024511359,0.024511359,0.024511359,0.024511359,0.024511359,0.024511359,0.024511359,0.024511359,0.024511359,0.024511359,0.024511359,0.024511359,0.024511359,0.024511359,0.024511359,0.024511359,0.024511359,0.024511359,0.024511359,0.024511359,0.024511359,0.024511359,0.024511359,0.024511359,0.024511359,0.024511359,0.024511359,0.024511359,0.024511359,0.024511359,0.024511359,0.024511359
0.851123806,0.755364498,0.709775896,0.493955813,0.420413284,0.326995153,0.299870784,0.250146669,0.206648571,0.168615127,0.118793281,0.105300137,0.081693015,0.071664765,0.062610978,0.047553457,0.041407962,0.035901434,0.030396576,0.025577370,0.021301782,0.017288513,0.013930652,0.011100438,0.011100438,0.011100438,0.011100438,0.011100438,0.011100438,0.011100438,0.011100438,0.011100438,0.011100438,0.011100438,0.011100438,0.011100438,0.011100438,0.011100438,0.011100438,0.011100438,0.011100438,0.011100438,0.011100438,0.011100438,0.011100438,0.011100438,0.011100438,0.011100438,0.011100438,0.011100438,0.011100438,0.011100438,0.011100438,0.011100438,0.011100438
0.887738825,0.812818395,0.776287098,0.593916724,0.527238981,0.437913915,0.410778882,0.359288087,0.312002485,0.268474976,0.207273216,0.189610493,0.157189833,0.142694558,0.129145258,0.105396561,0.095154978,0.085635213,0.075727468,0.066661264,0.058235899,0.049913837,0.042554013,0.035981642,0.035981642,0.035981642,0.035981642,0.035981642,0.035981642,0.035981642,0.035981642,0.035981642,0.035981642,0.035981642,0.035981642,0.035981642,0.035981642,0.035981642,0.035981642,0.035981642,0.035981642,0.035981642,0.035981642,0.035981642,0.035981642,0.035981642,0.035981642,0.035981642,0.035981642,0.035981642,0.035981642,0.035981642,0.035981642,0.035981642,0.035981642
0.996239324,0.993463885,0.992019416,0.983649550,0.979950131,0.974211155,0.972241342,0.968129967,0.963816901,0.959245594,0.951425056,0.948747568,0.943135038,0.940252309,0.937288800,0.931281605,0.928274274,0.925183346,0.921590943,0.917880006,0.913964054,0.909515505,0.904936257,0.900145310,0.900145310,0.900145310,0.900145310,0.900145310,0.900145310,0.900145310,0.900145310,0.900145310,0.900145310,0.900145310,0.900145310,0.900145310,0.900145310,0.900145310,0.900145310,0.900145310,0.900145310,0.900145310,0.900145310,0.900145310,0.900145310,0.900145310,0.900145310,0.900145310,0.900145310,0.900145310,0.900145310,0.900145310,0.900145310,0.900145310,0.900145310
0.954012632,0.921329938,0.904730892,0.813842747,0.776413959,0.721472910,0.703455648,0.667176260,0.630973526,0.594582778,0.536771697,0.518199300,0.481171236,0.463113954,0.445202306,0.410833856,0.394561149,0.378455790,0.360498476,0.342774518,0.324943464,0.305724837,0.287038479,0.268617614,0.268617614,0.268617614,0.268617614,0.268617614,0.268617614,0.268617614,0.268617614,0.268617614,0.268617614,0.268617614,0.268617614,0.268617614,0.268617614,0.268617614,0.268617614,0.268617614,0.268617614,0.268617614,0.268617614,0.268617614,0.268617614,0.268617614,0.268617614,0.268617614,0.268617614,0.268617614,0.268617614,0.268617614,0.268617614,0.268617614,0.268617614
0.983233916,0.971001029,0.964681436,0.928689556,0.913118097,0.889364175,0.881322726,0.864720772,0.847566671,0.829675394,0.799749104,0.789698564,0.768949317,0.758458077,0.747789157,0.726520669,0.716051395,0.705413665,0.693204830,0.680766241,0.667829280,0.653365494,0.638732247,0.623696462,0.623696462,0.623696462,0.623696462,0.623696462,0.623696462,0.623696462,0.623696462,0.623696462,0.623696462,0.623696462,0.623696462,0.623696462,0.623696462,0.623696462,0.623696462,0.623696462,0.623696462,0.623696462,0.623696462,0.623696462,0.623696462,0.623696462,0.623696462,0.623696462,0.623696462,0.623696462,0.623696462,0.623696462,0.623696462,0.623696462,0.623696462
0.963447099,0.937245547,0.923864017,0.849649851,0.818590764,0.772424301,0.757126475,0.726071047,0.694727182,0.662839129,0.611323352,0.594531420,0.560670540,0.543961629,0.527252369,0.494789613,0.479222826,0.463683405,0.446193007,0.428750353,0.411010914,0.391661342,0.372602266,0.353558291,0.353558291,0.353558291,0.353558291,0.353558291,0.353558291,0.353558291,0.353558291,0.353558291,0.353558291,0.353558291,0.353558291,0.353558291,0.353558291,0.353558291,0.353558291,0.353558291,0.353558291,0.353558291,0.353558291,0.353558291,0.353558291,0.353558291,0.353558291,0.353558291,0.353558291,0.353558291,0.353558291,0.353558291,0.353558291,0.353558291,0.353558291
0.992866845,0.987617979,0.984891435,0.969162998,0.962249375,0.951570557,0.947918237,0.940316584,0.932373188,0.923989038,0.909728748,0.904870655,0.894727151,0.889538265,0.884218880,0.873482574,0.868131090,0.862647083,0.856294034,0.849754725,0.842879897,0.835102149,0.827131571,0.818831280,0.818831280,0.818831280,0.818831280,0.818831280,0.818831280,0.818831280,0.818831280,0.818831280,0.818831280,0.818831280,0.818831280,0.818831280,0.818831280,0.818831280,0.818831280,0.818831280,0.818831280,0.818831280,0.818831280,0.818831280,0.818831280,0.818831280,0.818831280,0.818831280,0.818831280,0.818831280,0.818831280,0.818831280,0.818831280,0.818831280,0.818831280
0.990397616,0.983347090,0.979689803,0.958661169,0.949455159,0.935280706,0.930445477,0.920402597,0.909938358,0.898927085,0.880278230,0.873948178,0.860769406,0.854047863,0.847171419,0.833336289,0.826462217,0.819433193,0.811309707,0.802969922,0.794226280,0.784364147,0.774290601,0.763836186,0.763836186,0.763836186,0.763836186,0.763836186,0.763836186,0.763836186,0.763836186,0.763836186,0.763836186,0.763836186,0.763836186,0.763836186,0.763836186,0.763836186,0.763836186,0.763836186,0.763836186,0.763836186,0.763836186,0.763836186,0.763836186,0.763836186,0.763836186,0.763836186,0.763836186,0.763836186,0.763836186,0.763836186,0.763836186,0.763836186,0.763836186
0.981306288,0.967690253,0.960663897,0.920749554,0.903536253,0.877343478,0.868494675,0.850255613,0.831452613,0.811888594,0.779274147,0.768352286,0.745855409,0.734507204,0.722985478,0.700074042,0.688824459,0.677413402,0.664341635,0.651051331,0.637258408,0.621874340,0.606350208,0.590441983,0.590441983,0.590441983,0.590441983,0.590441983,0.590441983,0.590441983,0.590441983,0.590441983,0.590441983,0.590441983,0.590441983,0.590441983,0.590441983,0.590441983,0.590441983,0.590441983,0.590441983,0.590441983,0.590441983,0.590441983,0.590441983,0.590441983,0.590441983,0.590441983,0.590441983,0.590441983,0.590441983,0.590441983,0.590441983,0.590441983,0.590441983
0.994536483,0.990510319,0.988416932,0.976314235,0.970979790,0.962722457,0.959893339,0.953996812,0.947823232,0.941293692,0.930155779,0.926352059,0.918394545,0.914315718,0.910128509,0.901659248,0.897428651,0.893086934,0.888049083,0.882854360,0.877382977,0.871180354,0.864809866,0.858160522,0.858160522,0.858160522,0.858160522,0.858160522,0.858160522,0.858160522,0.858160522,0.858160522,0.858160522,0.858160522,0.858160522,0.858160522,0.858160522,0.858160522,0.858160522,0.858160522,0.858160522,0.858160522,0.858160522,0.858160522,0.858160522,0.858160522,0.858160522,0.858160522,0.858160522,0.858160522,0.858160522,0.858160522,0.858160522,0.858160522,0.858160522
0.948798718,0.912584052,0.894248029,0.794560219,0.753875223,0.694569804,0.675233625,0.636474519,0.598041204,0.559666280,0.499269832,0.480023342,0.441893109,0.423420339,0.405179211,0.370419986,0.354078327,0.337981802,0.320128287,0.302608020,0.285088037,0.266329824,0.248222275,0.230505850,0.230505850,0.230505850,0.230505850,0.230505850,0.230505850,0.230505850,0.230505850,0.230505850,0.230505850,0.230505850,0.230505850,0.230505850,0.230505850,0.230505850,0.230505850,0.230505850,0.230505850,0.230505850,0.230505850,0.230505850,0.230505850,0.230505850,0.230505850,0.230505850,0.230505850,0.230505850,0.230505850,0.230505850,0.230505850,0.230505850,0.230505850
0.984154405,0.972583702,0.966603043,0.932499683,0.917722748,0.895153892,0.887506107,0.871704631,0.855359977,0.838293410,0.809700798,0.800084982,0.780211683,0.770152086,0.759914220,0.739480782,0.729410451,0.719169732,0.707405997,0.695409084,0.682918615,0.668938140,0.654776421,0.640206415,0.640206415,0.640206415,0.640206415,0.640206415,0.640206415,0.640206415,0.640206415,0.640206415,0.640206415,0.640206415,0.640206415,0.640206415,0.640206415,0.640206415,0.640206415,0.640206415,0.640206415,0.640206415,0.640206415,0.640206415,0.640206415,0.640206415,0.640206415,0.640206415,0.640206415,0.640206415,0.640206415,0.640206415,0.640206415,0.640206415,0.640206415
0.972287552,0.952264191,0.941985103,0.884293985,0.859786512,0.822931500,0.810601013,0.785379345,0.759653560,0.733187139,0.689757544,0.675409786,0.646170429,0.631583218,0.616885356,0.587998184,0.573982008,0.559878624,0.543865025,0.527741018,0.511176706,0.492907491,0.474694775,0.456266701,0.456266701,0.456266701,0.456266701,0.456266701,0.456266701,0.456266701,0.456266701,0.456266701,0.456266701,0.456266701,0.456266701,0.456266701,0.456266701,0.456266701,0.456266701,0.456266701,0.456266701,0.456266701,0.456266701,0.456266701,0.456266701,0.456266701,0.456266701,0.456266701,0.456266701,0.456266701,0.456266701,0.456266701,0.456266701,0.456266701,0.456266701
0.994003822,0.989587192,0.987291477,0.974028387,0.968187573,0.959152609,0.956058799,0.949613463,0.942869461,0.935741283,0.923593399,0.919448012,0.910781108,0.906341508,0.901785952,0.892577928,0.887981463,0.883266471,0.877798305,0.872163043,0.866231165,0.859510876,0.852613583,0.845419671,0.845419671,0.845419671,0.845419671,0.845419671,0.845419671,0.845419671,0.845419671,0.845419671,0.845419671,0.845419671,0.845419671,0.845419671,0.845419671,0.845419671,0.845419671,0.845419671,0.845419671,0.845419671,0.845419671,0.845419671,0.845419671,0.845419671,0.845419671,0.845419671,0.845419671,0.845419671,0.845419671,0.845419671,0.845419671,0.845419671,0.845419671
0.969075621,0.946795841,0.935379746,0.871583353,0.844628508,0.804263852,0.790806141,0.763354134,0.735460199,0.706879101,0.660244012,0.644912051,0.613786335,0.598319480,0.582777789,0.552359918,0.537663803,0.522918841,0.506229765,0.489483992,0.472343576,0.453514743,0.434825765,0.416001562,0.416001562,0.416001562,0.416001562,0.416001562,0.416001562,0.416001562,0.416001562,0.416001562,0.416001562,0.416001562,0.416001562,0.416001562,0.416001562,0.416001562,0.416001562,0.416001562,0.416001562,0.416001562,0.416001562,0.416001562,0.416001562,0.416001562,0.416001562,0.416001562,0.416001562,0.416001562,0.416001562,0.416001562,0.416001562,0.416001562,0.416001562
0.984143490,0.972564928,0.966580244,0.932454431,0.917668034,0.895085047,0.887432564,0.871621523,0.855267186,0.838190740,0.809582121,0.799961077,0.780077231,0.770012429,0.759769359,0.739325823,0.729250659,0.719005124,0.707235981,0.695233694,0.682737783,0.668751404,0.654583912,0.640008189,0.640008189,0.640008189,0.640008189,0.640008189,0.640008189,0.640008189,0.640008189,0.640008189,0.640008189,0.640008189,0.640008189,0.640008189,0.640008189,0.640008189,0.640008189,0.640008189,0.640008189,0.640008189,0.640008189,0.640008189,0.640008189,0.640008189,0.640008189,0.640008189,0.640008189,0.640008189,0.640008189,0.640008189,0.640008189,0.640008189,0.640008189
0.967422684,0.943986919,0.931990065,0.865097336,0.836913042,0.794799106,0.780783416,0.752233604,0.723281310,0.693677650,0.645514777,0.629720263,0.597718734,0.581849176,0.565925278,0.534826657,0.519834653,0.504815186,0.487843196,0.470844088,0.453477083,0.434438833,0.415584430,0.396638092,0.396638092,0.396638092,0.396638092,0.396638092,0.396638092,0.396638092,0.396638092,0.396638092,0.396638092,0.396638092,0.396638092,0.396638092,0.396638092,0.396638092,0.396638092,0.396638092,0.396638092,0.396638092,0.396638092,0.396638092,0.396638092,0.396638092,0.396638092,0.396638092,0.396638092,0.396638092,0.396638092,0.396638092,0.396638092,0.396638092,0.396638092
0.982636671,0.969974723,0.963435716,0.926223847,0.910140514,0.885624775,0.877330727,0.860215898,0.842544266,0.824126912,0.793352711,0.783026609,0.761723471,0.750959997,0.740019721,0.718227093,0.707508191,0.696622583,0.684136535,0.671423642,0.658210243,0.643448289,0.628525327,0.613204655,0.613204655,0.613204655,0.613204655,0.613204655,0.613204655,0.613204655,0.613204655,0.613204655,0.613204655,0.613204655,0.613204655,0.613204655,0.613204655,0.613204655,0.613204655,0.613204655,0.613204655,0.613204655,0.613204655,0.613204655,0.613204655,0.613204655,0.613204655,0.613204655,0.613204655,0.613204655,0.613204655,0.613204655,0.613204655,0.613204655,0.613204655
0.983790515,0.971957904,0.965843146,0.930992015,0.915900171,0.892861242,0.885057200,0.868937818,0.852271450,0.834876830,0.805753066,0.795963930,0.775741094,0.765509092,0.755098943,0.734331403,0.724101277,0.713701414,0.701759100,0.689584805,0.676914824,0.662739788,0.648387980,0.633629905,0.633629905,0.633629905,0.633629905,0.633629905,0.633629905,0.633629905,0.633629905,0.633629905,0.633629905,0.633629905,0.633629905,0.633629905,0.633629905,0.633629905,0.633629905,0.633629905,0.633629905,0.633629905,0.633629905,0.633629905,0.633629905,0.633629905,0.633629905,0.633629905,0.633629905,0.633629905,0.633629905,0.633629905,0.633629905,0.633629905,0.633629905
0.916085990,0.858523754,0.829951852,0.681482447,0.624293077,0.544565963,0.519520925,0.470751275,0.424310650,0.379887230,0.314017341,0.294092058,0.256178307,0.238570338,0.221679196,0.190883587,0.177048595,0.163831557,0.149656024,0.136248839,0.123350353,0.110115494,0.097916478,0.086542373,0.086542373,0.086542373,0.086542373,0.086542373,0.086542373,0.086542373,0.086542373,0.086542373,0.086542373,0.086542373,0.086542373,0.086542373,0.086542373,0.086542373,0.086542373,0.086542373,0.086542373,0.086542373,0.086542373,0.086542373,0.086542373,0.086542373,0.086542373,0.086542373,0.086542373,0.086542373,0.086542373,0.086542373,0.086542373,0.086542373,0.086542373
0.968816061,0.946354522,0.934847034,0.870562382,0.843413135,0.802771255,0.789224941,0.761598325,0.733535652,0.704791077,0.657910713,0.642504188,0.611236784,0.595704509,0.580100530,0.549571110,0.534826190,0.520035715,0.503299422,0.486511000,0.469332005,0.450466928,0.431748579,0.412901731,0.412901731,0.412901731,0.412901731,0.412901731,0.412901731,0.412901731,0.412901731,0.412901731,0.412901731,0.412901731,0.412901731,0.412901731,0.412901731,0.412901731,0.412901731,0.412901731,0.412901731,0.412901731,0.412901731,0.412901731,0.412901731,0.412901731,0.412901731,0.412901731,0.412901731,0.412901731,0.412901731,0.412901731,0.412901731,0.412901731,0.412901731
0.939999962,0.897905463,0.876704333,0.762821135,0.717049044,0.651114759,0.629828194,0.587486791,0.545950372,0.504946769,0.441428626,0.421464569,0.382335040,0.363589308,0.345220367,0.310626625,0.294557494,0.278857424,0.261598302,0.244826422,0.228226151,0.210652385,0.193895045,0.177708113,0.177708113,0.177708113,0.177708113,0.177708113,0.177708113,0.177708113,0.177708113,0.177708113,0.177708113,0.177708113,0.177708113,0.177708113,0.177708113,0.177708113,0.177708113,0.177708113,0.177708113,0.177708113,0.177708113,0.177708113,0.177708113,0.177708113,0.177708113,0.177708113,0.177708113,0.177708113,0.177708113,0.177708113,0.177708113,0.177708113,0.177708113
0.990829669,0.984093820,0.980598905,0.960492358,0.951683774,0.938113669,0.933482479,0.923859905,0.913828556,0.903267171,0.885366868,0.879287020,0.866622752,0.860160254,0.853546444,0.840232349,0.833613450,0.826842777,0.819014596,0.810974293,0.802540580,0.793022982,0.783295770,0.773194730,0.773194730,0.773194730,0.773194730,0.773194730,0.773194730,0.773194730,0.773194730,0.773194730,0.773194730,0.773194730,0.773194730,0.773194730,0.773194730,0.773194730,0.773194730,0.773194730,0.773194730,0.773194730,0.773194730,0.773194730,0.773194730,0.773194730,0.773194730,0.773194730,0.773194730,0.773194730,0.773194730,0.773194730,0.773194730,0.773194730,0.773194730
0.996867604,0.994554578,0.993350341,0.986366697,0.983276812,0.978479551,0.976831878,0.973391068,0.969778835,0.965947368,0.959385443,0.957136791,0.952419733,0.949995114,0.947501256,0.942442014,0.939907200,0.937300490,0.934269035,0.931135477,0.927826501,0.924064604,0.920188962,0.916130636,0.916130636,0.916130636,0.916130636,0.916130636,0.916130636,0.916130636,0.916130636,0.916130636,0.916130636,0.916130636,0.916130636,0.916130636,0.916130636,0.916130636,0.916130636,0.916130636,0.916130636,0.916130636,0.916130636,0.916130636,0.916130636,0.916130636,0.916130636,0.916130636,0.916130636,0.916130636,0.916130636,0.916130636,0.916130636,0.916130636,0.916130636
0.930461644,0.882107629,0.857893924,0.729528660,0.678795356,0.606656088,0.583616703,0.538172963,0.494114853,0.451160769,0.385764766,0.365519149,0.326300713,0.307741647,0.289707985,0.256179259,0.240809130,0.225924906,0.209721623,0.194143699,0.178897493,0.162955595,0.147957080,0.133670598,0.133670598,0.133670598,0.133670598,0.133670598,0.133670598,0.133670598,0.133670598,0.133670598,0.133670598,0.133670598,0.133670598,0.133670598,0.133670598,0.133670598,0.133670598,0.133670598,0.133670598,0.133670598,0.133670598,0.133670598,0.133670598,0.133670598,0.133670598,0.133670598,0.133670598,0.133670598,0.133670598,0.133670598,0.133670598,0.133670598,0.133670598
0.992431332,0.986864124,0.983972931,0.967304310,0.959982645,0.948679907,0.944815976,0.936776822,0.928380511,0.919523072,0.904469113,0.899343929,0.888648197,0.883179686,0.877575674,0.866271199,0.860639685,0.854870921,0.848190800,0.841318002,0.834096069,0.825929982,0.817566270,0.808861835,0.808861835,0.808861835,0.808861835,0.808861835,0.808861835,0.808861835,0.808861835,0.808861835,0.808861835,0.808861835,0.808861835,0.808861835,0.808861835,0.808861835,0.808861835,0.808861835,0.808861835,0.808861835,0.808861835,0.808861835,0.808861835,0.808861835,0.808861835,0.808861835,0.808861835,0.808861835,0.808861835,0.808861835,0.808861835,0.808861835,0.808861835
0.964145374,0.938428119,0.925288555,0.852347533,0.821785042,0.776314735,0.761236073,0.730607190,0.699667964,0.668163677,0.617204874,0.600576754,0.567018120,0.550443961,0.533859544,0.501609783,0.486130683,0.470669031,0.453254084,0.435873439,0.418182942,0.398869778,0.379828404,0.360783172,0.360783172,0.360783172,0.360783172,0.360783172,0.360783172,0.360783172,0.360783172,0.360783172,0.360783172,0.360783172,0.360783172,0.360783172,0.360783172,0.360783172,0.360783172,0.360783172,0.360783172,0.360783172,0.360783172,0.360783172,0.360783172,0.360783172,0.360783172,0.360783172,0.360783172,0.360783172,0.360783172,0.360783172,0.360783172,0.360783172,0.360783172
0.994712608,0.990815634,0.988789216,0.977070966,0.971904484,0.963905334,0.961164165,0.955450105,0.949466341,0.943136191,0.932335109,0.928645466,0.920925018,0.916966868,0.912902949,0.904681210,0.900573322,0.896356887,0.891463574,0.886416950,0.881100516,0.875072254,0.868879402,0.862413895,0.862413895,0.862413895,0.862413895,0.862413895,0.862413895,0.862413895,0.862413895,0.862413895,0.862413895,0.862413895,0.862413895,0.862413895,0.862413895,0.862413895,0.862413895,0.862413895,0.862413895,0.862413895,0.862413895,0.862413895,0.862413895,0.862413895,0.862413895,0.862413895,0.862413895,0.862413895,0.862413895,0.862413895,0.862413895,0.862413895,0.862413895
0.982584260,0.969884683,0.963326439,0.926007712,0.909879596,0.885297271,0.876981161,0.859821568,0.842104807,0.823641624,0.792793663,0.782443621,0.761092414,0.750305341,0.739341561,0.717503592,0.706763125,0.695856125,0.683346178,0.670609666,0.657372497,0.642584945,0.627637156,0.612292120,0.612292120,0.612292120,0.612292120,0.612292120,0.612292120,0.612292120,0.612292120,0.612292120,0.612292120,0.612292120,0.612292120,0.612292120,0.612292120,0.612292120,0.612292120,0.612292120,0.612292120,0.612292120,0.612292120,0.612292120,0.612292120,0.612292120,0.612292120,0.612292120,0.612292120,0.612292120,0.612292120,0.612292120,0.612292120,0.612292120,0.612292120
0.965351509,0.940472277,0.927751904,0.857022813,0.827326429,0.783074206,0.768380120,0.738501504,0.708276554,0.677452498,0.627487410,0.611153496,0.578140965,0.561812059,0.545456186,0.513600483,0.498285861,0.482971823,0.465702465,0.448444450,0.430854543,0.411622036,0.392628938,0.373599337,0.373599337,0.373599337,0.373599337,0.373599337,0.373599337,0.373599337,0.373599337,0.373599337,0.373599337,0.373599337,0.373599337,0.373599337,0.373599337,0.373599337,0.373599337,0.373599337,0.373599337,0.373599337,0.373599337,0.373599337,0.373599337,0.373599337,0.373599337,0.373599337,0.373599337,0.373599337,0.373599337,0.373599337,0.373599337,0.373599337,0.373599337
0.999999998,0.999999996,0.999999995,0.999999990,0.999999988,0.999999985,0.999999983,0.999999981,0.999999978,0.999999975,0.999999970,0.999999969,0.999999965,0.999999963,0.999999962,0.999999958,0.999999956,0.999999954,0.999999952,0.999999949,0.999999947,0.999999944,0.999999941,0.999999938,0.999999938,0.999999938,0.999999938,0.999999938,0.999999938,0.999999938,0.999999938,0.999999938,0.999999938,0.999999938,0.999999938,0.999999938,0.999999938,0.999999938,0.999999938,0.999999938,0.999999938,0.999999938,0.999999938,0.999999938,0.999999938,0.999999938,0.999999938,0.999999938,0.999999938,0.999999938,0.999999938,0.999999938,0.999999938,0.999999938,0.999999938
0.947754024,0.910835937,0.892155394,0.790739408,0.749423923,0.689283872,0.669698398,0.630475318,0.591631357,0.552898615,0.492053305,0.472695339,0.434392931,0.415861298,0.397578668,0.362788778,0.346455970,0.330383602,0.312575680,0.295120384,0.277686552,0.259045509,0.241077152,0.223523492,0.223523492,0.223523492,0.223523492,0.223523492,0.223523492,0.223523492,0.223523492,0.223523492,0.223523492,0.223523492,0.223523492,0.223523492,0.223523492,0.223523492,0.223523492,0.223523492,0.223523492,0.223523492,0.223523492,0.223523492,0.223523492,0.223523492,0.223523492,0.223523492,0.223523492,0.223523492,0.223523492,0.223523492,0.223523492,0.223523492,0.223523492
0.994608130,0.990634515,0.988568367,0.976622015,0.971355865,0.963203496,0.960410130,0.954587770,0.948491333,0.942042817,0.931041752,0.927284372,0.919423145,0.915393326,0.911256180,0.902887414,0.898706631,0.894415766,0.889436576,0.884301952,0.878893440,0.872761553,0.866463119,0.859888331,0.859888331,0.859888331,0.859888331,0.859888331,0.859888331,0.859888331,0.859888331,0.859888331,0.859888331,0.859888331,0.859888331,0.859888331,0.859888331,0.859888331,0.859888331,0.859888331,0.859888331,0.859888331,0.859888331,0.859888331,0.859888331,0.859888331,0.859888331,0.859888331,0.859888331,0.859888331,0.859888331,0.859888331,0.859888331,0.859888331,0.859888331
0.974552916,0.956129054,0.946658650,0.893344395,0.870609972,0.836319624,0.824819045,0.801249516,0.777144209,0.752274234,0.711301548,0.697719097,0.669964732,0.656079720,0.642062494,0.614431679,0.600984867,0.587426911,0.571998246,0.556425143,0.540385679,0.522645282,0.504905458,0.486898387,0.486898387,0.486898387,0.486898387,0.486898387,0.486898387,0.486898387,0.486898387,0.486898387,0.486898387,0.486898387,0.486898387,0.486898387,0.486898387,0.486898387,0.486898387,0.486898387,0.486898387,0.486898387,0.486898387,0.486898387,0.486898387,0.486898387,0.486898387,0.486898387,0.486898387,0.486898387,0.486898387,0.486898387,0.486898387,0.486898387,0.486898387
0.981539338,0.968090271,0.961149146,0.921706708,0.904690331,0.878789352,0.870036942,0.851993013,0.833386077,0.814020434,0.781723562,0.770904281,0.748612569,0.737364662,0.725942529,0.703222295,0.692063185,0.680741557,0.667769283,0.654576840,0.640881893,0.625602700,0.610179574,0.594369697,0.594369697,0.594369697,0.594369697,0.594369697,0.594369697,0.594369697,0.594369697,0.594369697,0.594369697,0.594369697,0.594369697,0.594369697,0.594369697,0.594369697,0.594369697,0.594369697,0.594369697,0.594369697,0.594369697,0.594369697,0.594369697,0.594369697,0.594369697,0.594369697,0.594369697,0.594369697,0.594369697,0.594369697,0.594369697,0.594369697,0.594369697
0.988986698,0.980910239,0.976724140,0.952699967,0.942206938,0.926080280,0.920587338,0.909191865,0.897337815,0.884885811,0.863848395,0.856722473,0.841911255,0.834369980,0.826663982,0.811187874,0.803512538,0.795673937,0.786627190,0.777353475,0.767645949,0.756715574,0.745571832,0.734029390,0.734029390,0.734029390,0.734029390,0.734029390,0.734029390,0.734029390,0.734029390,0.734029390,0.734029390,0.734029390,0.734029390,0.734029390,0.734029390,0.734029390,0.734029390,0.734029390,0.734029390,0.734029390,0.734029390,0.734029390,0.734029390,0.734029390,0.734029390,0.734029390,0.734029390,0.734029390,0.734029390,0.734029390,0.734029390,0.734029390,0.734029390
0.996202916,0.993400697,0.991942319,0.983492272,0.979757634,0.973964295,0.971975899,0.967825863,0.963472424,0.958858532,0.950965636,0.948263520,0.942599604,0.939690609,0.936700187,0.930638722,0.927604364,0.924485758,0.920861313,0.917117421,0.913166851,0.908679178,0.904059876,0.899227268,0.899227268,0.899227268,0.899227268,0.899227268,0.899227268,0.899227268,0.899227268,0.899227268,0.899227268,0.899227268,0.899227268,0.899227268,0.899227268,0.899227268,0.899227268,0.899227268,0.899227268,0.899227268,0.899227268,0.899227268,0.899227268,0.899227268,0.899227268,0.899227268,0.899227268,0.899227268,0.899227268,0.899227268,0.899227268,0.899227268,0.899227268
0.979822608,0.965145253,0.957577679,0.914673948,0.896217063,0.868186197,0.858731480,0.839267955,0.819237657,0.798435204,0.763845931,0.752288429,0.728523942,0.716557994,0.704424238,0.680342024,0.668540571,0.656585504,0.642910400,0.629028777,0.614646186,0.598633873,0.582507944,0.566017353,0.566017353,0.566017353,0.566017353,0.566017353,0.566017353,0.566017353,0.566017353,0.566017353,0.566017353,0.566017353,0.566017353,0.566017353,0.566017353,0.566017353,0.566017353,0.566017353,0.566017353,0.566017353,0.566017353,0.566017353,0.566017353,0.566017353,0.566017353,0.566017353,0.566017353,0.566017353,0.566017353,0.566017353,0.566017353,0.566017353,0.566017353
0.996063510,0.993158764,0.991647147,0.982890236,0.979020856,0.973019572,0.970960107,0.966662240,0.962154454,0.957377799,0.949208430,0.946412235,0.940552074,0.937542790,0.934449630,0.928181032,0.925043548,0.921819345,0.918072678,0.914203107,0.910120549,0.905483731,0.900711792,0.895720456,0.895720456,0.895720456,0.895720456,0.895720456,0.895720456,0.895720456,0.895720456,0.895720456,0.895720456,0.895720456,0.895720456,0.895720456,0.895720456,0.895720456,0.895720456,0.895720456,0.895720456,0.895720456,0.895720456,0.895720456,0.895720456,0.895720456,0.895720456,0.895720456,0.895720456,0.895720456,0.895720456,0.895720456,0.895720456,0.895720456,0.895720456
0.979414548,0.964445796,0.956729791,0.913008395,0.894212533,0.865682036,0.856063010,0.836268078,0.815906518,0.794770803,0.759652453,0.747925337,0.723823721,0.711694070,0.699398541,0.675008141,0.663062065,0.650964885,0.637132746,0.623097865,0.608563162,0.592389683,0.576110379,0.559472468,0.559472468,0.559472468,0.559472468,0.559472468,0.559472468,0.559472468,0.559472468,0.559472468,0.559472468,0.559472468,0.559472468,0.559472468,0.559472468,0.559472468,0.559472468,0.559472468,0.559472468,0.559472468,0.559472468,0.559472468,0.559472468,0.559472468,0.559472468,0.559472468,0.559472468,0.559472468,0.559472468,0.559472468,0.559472468,0.559472468,0.559472468
0.994312193,0.990121569,0.987942948,0.975351218,0.969803260,0.961217901,0.958277090,0.952148920,0.945734483,0.938952071,0.927387291,0.923439094,0.915181490,0.910949985,0.906606849,0.897824719,0.893439108,0.888939189,0.883718899,0.878337333,0.872670567,0.866248207,0.859653996,0.852773267,0.852773267,0.852773267,0.852773267,0.852773267,0.852773267,0.852773267,0.852773267,0.852773267,0.852773267,0.852773267,0.852773267,0.852773267,0.852773267,0.852773267,0.852773267,0.852773267,0.852773267,0.852773267,0.852773267,0.852773267,0.852773267,0.852773267,0.852773267,0.852773267,0.852773267,0.852773267,0.852773267,0.852773267,0.852773267,0.852773267,0.852773267
0.995053516,0.991406714,0.989510019,0.978536978,0.973696356,0.966198443,0.963628115,0.958268655,0.952654006,0.946711848,0.936566831,0.933099562,0.925841540,0.922118945,0.918295794,0.910557784,0.906689886,0.902718595,0.898108266,0.893351778,0.888339098,0.882652893,0.876808800,0.870704535,0.870704535,0.870704535,0.870704535,0.870704535,0.870704535,0.870704535,0.870704535,0.870704535,0.870704535,0.870704535,0.870704535,0.870704535,0.870704535,0.870704535,0.870704535,0.870704535,0.870704535,0.870704535,0.870704535,0.870704535,0.870704535,0.870704535,0.870704535,0.870704535,0.870704535,0.870704535,0.870704535,0.870704535,0.870704535,0.870704535,0.870704535
0.972316401,0.952313368,0.942044543,0.884408795,0.859923657,0.823100838,0.810780737,0.785579693,0.759874064,0.733427419,0.690028074,0.675689683,0.646468414,0.631889710,0.617200058,0.588327938,0.574318531,0.560221592,0.544214857,0.528097258,0.511538987,0.493275778,0.475068338,0.456644850,0.456644850,0.456644850,0.456644850,0.456644850,0.456644850,0.456644850,0.456644850,0.456644850,0.456644850,0.456644850,0.456644850,0.456644850,0.456644850,0.456644850,0.456644850,0.456644850,0.456644850,0.456644850,0.456644850,0.456644850,0.456644850,0.456644850,0.456644850,0.456644850,0.456644850,0.456644850,0.456644850,0.456644850,0.456644850,0.456644850,0.456644850
0.986308718,0.976292074,0.971108290,0.941464044,0.928573388,0.908830370,0.902124774,0.888244839,0.873851485,0.858782152,0.833440858,0.824891120,0.807176282,0.798185790,0.789019452,0.770673792,0.761606949,0.752369103,0.741735125,0.730865398,0.719521170,0.706789909,0.693856404,0.680509982,0.680509982,0.680509982,0.680509982,0.680509982,0.680509982,0.680509982,0.680509982,0.680509982,0.680509982,0.680509982,0.680509982,0.680509982,0.680509982,0.680509982,0.680509982,0.680509982,0.680509982,0.680509982,0.680509982,0.680509982,0.680509982,0.680509982,0.680509982,0.680509982,0.680509982,0.680509982,0.680509982,0.680509982,0.680509982,0.680509982,0.680509982
0.976034791,0.958660836,0.949722455,0.899303217,0.877749887,0.845177869,0.834236114,0.811783589,0.788780358,0.765003275,0.725729148,0.712680679,0.685970520,0.672583573,0.659052202,0.632327684,0.619296473,0.606140138,0.591146695,0.575988688,0.560350576,0.543022158,0.525659589,0.507998628,0.507998628,0.507998628,0.507998628,0.507998628,0.507998628,0.507998628,0.507998628,0.507998628,0.507998628,0.507998628,0.507998628,0.507998628,0.507998628,0.507998628,0.507998628,0.507998628,0.507998628,0.507998628,0.507998628,0.507998628,0.507998628,0.507998628,0.507998628,0.507998628,0.507998628,0.507998628,0.507998628,0.507998628,0.507998628,0.507998628,0.507998628
0.967490929,0.944102822,0.932129887,0.865364388,0.837230454,0.795187986,0.781195041,0.752689893,0.723780540,0.694218236,0.646116849,0.630340860,0.598374260,0.582520683,0.566611894,0.535540007,0.520559529,0.505550686,0.488589555,0.471600064,0.454241534,0.435210944,0.416362377,0.397420068,0.397420068,0.397420068,0.397420068,0.397420068,0.397420068,0.397420068,0.397420068,0.397420068,0.397420068,0.397420068,0.397420068,0.397420068,0.397420068,0.397420068,0.397420068,0.397420068,0.397420068,0.397420068,0.397420068,0.397420068,0.397420068,0.397420068,0.397420068,0.397420068,0.397420068,0.397420068,0.397420068,0.397420068,0.397420068,0.397420068,0.397420068
0.993925404,0.989451320,0.987125844,0.973692213,0.967777055,0.958628013,0.955495400,0.948969651,0.942142132,0.934926376,0.922630906,0.918435641,0.909665257,0.905173072,0.900563859,0.891248313,0.886598646,0.881829408,0.876298749,0.870599557,0.864600906,0.857805621,0.850832081,0.843559432,0.843559432,0.843559432,0.843559432,0.843559432,0.843559432,0.843559432,0.843559432,0.843559432,0.843559432,0.843559432,0.843559432,0.843559432,0.843559432,0.843559432,0.843559432,0.843559432,0.843559432,0.843559432,0.843559432,0.843559432,0.843559432,0.843559432,0.843559432,0.843559432,0.843559432,0.843559432,0.843559432,0.843559432,0.843559432,0.843559432,0.843559432
0.961268575,0.933560160,0.919427127,0.841275759,0.808689939,0.760393714,0.744428336,0.712078423,0.679513265,0.646474299,0.593305085,0.576031921,0.541291607,0.524195217,0.507130369,0.474071590,0.458265200,0.442517701,0.424831498,0.407235505,0.389384721,0.369967115,0.350897962,0.331903075,0.331903075,0.331903075,0.331903075,0.331903075,0.331903075,0.331903075,0.331903075,0.331903075,0.331903075,0.331903075,0.331903075,0.331903075,0.331903075,0.331903075,0.331903075,0.331903075,0.331903075,0.331903075,0.331903075,0.331903075,0.331903075,0.331903075,0.331903075,0.331903075,0.331903075,0.331903075,0.331903075,0.331903075,0.331903075,0.331903075,0.331903075
0.984427702,0.973053815,0.967173966,0.933633245,0.919093522,0.896879082,0.889349200,0.873787742,0.857686197,0.840867765,0.812677462,0.803193085,0.783585127,0.773656546,0.763549701,0.743370656,0.733422149,0.723302866,0.711675532,0.699814262,0.687461235,0.673629934,0.659614199,0.645188883,0.645188883,0.645188883,0.645188883,0.645188883,0.645188883,0.645188883,0.645188883,0.645188883,0.645188883,0.645188883,0.645188883,0.645188883,0.645188883,0.645188883,0.645188883,0.645188883,0.645188883,0.645188883,0.645188883,0.645188883,0.645188883,0.645188883,0.645188883,0.645188883,0.645188883,0.645188883,0.645188883,0.645188883,0.645188883,0.645188883,0.645188883
0.978108414,0.962208396,0.954018514,0.907692955,0.887820879,0.857708139,0.847569902,0.826729564,0.805325679,0.783144243,0.746372449,0.734117225,0.708969127,0.696333010,0.683538185,0.658200260,0.645811385,0.633280391,0.618970535,0.604471295,0.589477773,0.572820755,0.556084191,0.539010281,0.539010281,0.539010281,0.539010281,0.539010281,0.539010281,0.539010281,0.539010281,0.539010281,0.539010281,0.539010281,0.539010281,0.539010281,0.539010281,0.539010281,0.539010281,0.539010281,0.539010281,0.539010281,0.539010281,0.539010281,0.539010281,0.539010281,0.539010281,0.539010281,0.539010281,0.539010281,0.539010281,0.539010281,0.539010281,0.539010281,0.539010281
0.946706854,0.909085110,0.890060407,0.786923780,0.744983567,0.684019999,0.664189535,0.624512099,0.585268282,0.546189682,0.484916538,0.465454306,0.426994636,0.408411622,0.390095014,0.355289068,0.338972050,0.322930686,0.305175921,0.287792946,0.270452487,0.251936132,0.234113926,0.216729459,0.216729459,0.216729459,0.216729459,0.216729459,0.216729459,0.216729459,0.216729459,0.216729459,0.216729459,0.216729459,0.216729459,0.216729459,0.216729459,0.216729459,0.216729459,0.216729459,0.216729459,0.216729459,0.216729459,0.216729459,0.216729459,0.216729459,0.216729459,0.216729459,0.216729459,0.216729459,0.216729459,0.216729459,0.216729459,0.216729459,0.216729459
0.944572503,0.905521000,0.885798465,0.779190727,0.735999493,0.673397565,0.653082740,0.612511923,0.572488890,0.532744177,0.470665634,0.451013326,0.412278925,0.393613876,0.375250633,0.340455313,0.324190797,0.308232474,0.290607753,0.273392996,0.256263011,0.238021413,0.220515769,0.203492938,0.203492938,0.203492938,0.203492938,0.203492938,0.203492938,0.203492938,0.203492938,0.203492938,0.203492938,0.203492938,0.203492938,0.203492938,0.203492938,0.203492938,0.203492938,0.203492938,0.203492938,0.203492938,0.203492938,0.203492938,0.203492938,0.203492938,0.203492938,0.203492938,0.203492938,0.203492938,0.203492938,0.203492938,0.203492938,0.203492938,0.203492938
0.973365029,0.954101609,0.944206459,0.888589776,0.864920742,0.829276252,0.817336850,0.792892709,0.767928088,0.742209932,0.699928181,0.685936874,0.657387371,0.643125414,0.628742134,0.600433542,0.586678496,0.572824495,0.557077353,0.541203164,0.524875566,0.506843200,0.488840358,0.470596901,0.470596901,0.470596901,0.470596901,0.470596901,0.470596901,0.470596901,0.470596901,0.470596901,0.470596901,0.470596901,0.470596901,0.470596901,0.470596901,0.470596901,0.470596901,0.470596901,0.470596901,0.470596901,0.470596901,0.470596901,0.470596901,0.470596901,0.470596901,0.470596901,0.470596901,0.470596901,0.470596901,0.470596901,0.470596901,0.470596901,0.470596901
0.921825707,0.867907394,0.841049407,0.700363255,0.645609544,0.568670342,0.544340059,0.496717746,0.451041651,0.407014765,0.341037948,0.320893765,0.282287704,0.264222599,0.246803416,0.214794850,0.200297896,0.186372871,0.171348479,0.157044842,0.143188891,0.128863553,0.115550384,0.103030564,0.103030564,0.103030564,0.103030564,0.103030564,0.103030564,0.103030564,0.103030564,0.103030564,0.103030564,0.103030564,0.103030564,0.103030564,0.103030564,0.103030564,0.103030564,0.103030564,0.103030564,0.103030564,0.103030564,0.103030564,0.103030564,0.103030564,0.103030564,0.103030564,0.103030564,0.103030564,0.103030564,0.103030564,0.103030564,0.103030564,0.103030564
0.961232708,0.933499537,0.919354175,0.841138427,0.808527755,0.760196997,0.744220833,0.711850063,0.679265312,0.646207978,0.593012591,0.575731875,0.540977870,0.523875507,0.506805224,0.473737475,0.457927557,0.442177055,0.424488112,0.406890083,0.389037968,0.369619794,0.350551020,0.331557485,0.331557485,0.331557485,0.331557485,0.331557485,0.331557485,0.331557485,0.331557485,0.331557485,0.331557485,0.331557485,0.331557485,0.331557485,0.331557485,0.331557485,0.331557485,0.331557485,0.331557485,0.331557485,0.331557485,0.331557485,0.331557485,0.331557485,0.331557485,0.331557485,0.331557485,0.331557485,0.331557485,0.331557485,0.331557485,0.331557485,0.331557485
0.995551365,0.992270175,0.990563153,0.980680935,0.976317970,0.969555601,0.967236206,0.962397961,0.957326417,0.951955758,0.942778585,0.939639802,0.933065583,0.929691692,0.926225234,0.919204702,0.915693187,0.912086233,0.907896859,0.903572398,0.899012499,0.893836769,0.888513821,0.882950076,0.882950076,0.882950076,0.882950076,0.882950076,0.882950076,0.882950076,0.882950076,0.882950076,0.882950076,0.882950076,0.882950076,0.882950076,0.882950076,0.882950076,0.882950076,0.882950076,0.882950076,0.882950076,0.882950076,0.882950076,0.882950076,0.882950076,0.882950076,0.882950076,0.882950076,0.882950076,0.882950076,0.882950076,0.882950076,0.882950076,0.882950076
0.980290199,0.965947019,0.958549753,0.916585368,0.898518527,0.871063305,0.861798104,0.842717168,0.823069780,0.802653085,0.768677494,0.757317094,0.733944976,0.722169875,0.710224940,0.686503133,0.674871162,0.663082880,0.649592391,0.635891298,0.621688283,0.605866730,0.589922900,0.573607834,0.573607834,0.573607834,0.573607834,0.573607834,0.573607834,0.573607834,0.573607834,0.573607834,0.573607834,0.573607834,0.573607834,0.573607834,0.573607834,0.573607834,0.573607834,0.573607834,0.573607834,0.573607834,0.573607834,0.573607834,0.573607834,0.573607834,0.573607834,0.573607834,0.573607834,0.573607834,0.573607834,0.573607834,0.573607834,0.573607834,0.573607834
0.896685564,0.827128675,0.793019226,0.620555168,0.556439040,0.469448363,0.442737832,0.391633209,0.344156210,0.299913840,0.236645311,0.218109430,0.183693806,0.168118604,0.153438948,0.127384152,0.116000276,0.105325858,0.094109366,0.083736840,0.073990430,0.064245888,0.055513561,0.047607473,0.047607473,0.047607473,0.047607473,0.047607473,0.047607473,0.047607473,0.047607473,0.047607473,0.047607473,0.047607473,0.047607473,0.047607473,0.047607473,0.047607473,0.047607473,0.047607473,0.047607473,0.047607473,0.047607473,0.047607473,0.047607473,0.047607473,0.047607473,0.047607473,0.047607473,0.047607473,0.047607473,0.047607473,0.047607473,0.047607473,0.047607473
0.966733142,0.942816195,0.930577948,0.862402654,0.833711452,0.790879049,0.776634959,0.747637028,0.718254496,0.688237103,0.639460574,0.623481597,0.591132998,0.575105034,0.559031645,0.527669397,0.512564189,0.497440713,0.480362864,0.463270547,0.445822037,0.426710984,0.407802246,0.388819910,0.388819910,0.388819910,0.388819910,0.388819910,0.388819910,0.388819910,0.388819910,0.388819910,0.388819910,0.388819910,0.388819910,0.388819910,0.388819910,0.388819910,0.388819910,0.388819910,0.388819910,0.388819910,0.388819910,0.388819910,0.388819910,0.388819910,0.388819910,0.388819910,0.388819910,0.388819910,0.388819910,0.388819910,0.388819910,0.388819910,0.388819910
0.821292836,0.709886585,0.657915201,0.422563620,0.347044172,0.255325841,0.229701600,0.184076012,0.145771571,0.113706577,0.074133689,0.063982792,0.046926577,0.039989921,0.033908861,0.024232760,0.020464593,0.017191540,0.014029052,0.011362312,0.009087498,0.007042399,0.005409744,0.004099353,0.004099353,0.004099353,0.004099353,0.004099353,0.004099353,0.004099353,0.004099353,0.004099353,0.004099353,0.004099353,0.004099353,0.004099353,0.004099353,0.004099353,0.004099353,0.004099353,0.004099353,0.004099353,0.004099353,0.004099353,0.004099353,0.004099353,0.004099353,0.004099353,0.004099353,0.004099353,0.004099353,0.004099353,0.004099353,0.004099353,0.004099353
0.965951227,0.941489383,0.928978030,0.859354821,0.830093033,0.786453875,0.771953869,0.742454722,0.712592235,0.682114690,0.632658850,0.616476622,0.583747178,0.567546236,0.551310222,0.519663095,0.504436563,0.489202366,0.472012819,0.454823342,0.437291291,0.418107588,0.399147185,0.380134128,0.380134128,0.380134128,0.380134128,0.380134128,0.380134128,0.380134128,0.380134128,0.380134128,0.380134128,0.380134128,0.380134128,0.380134128,0.380134128,0.380134128,0.380134128,0.380134128,0.380134128,0.380134128,0.380134128,0.380134128,0.380134128,0.380134128,0.380134128,0.380134128,0.380134128,0.380134128,0.380134128,0.380134128,0.380134128,0.380134128,0.380134128
0.965391022,0.940539277,0.927832664,0.857176312,0.827508481,0.783296499,0.768615143,0.738761397,0.708560178,0.677758782,0.627826935,0.611502905,0.578508787,0.562188188,0.545840084,0.513997861,0.498688913,0.483380001,0.466115748,0.448862092,0.431275834,0.412046361,0.393055236,0.374026542,0.374026542,0.374026542,0.374026542,0.374026542,0.374026542,0.374026542,0.374026542,0.374026542,0.374026542,0.374026542,0.374026542,0.374026542,0.374026542,0.374026542,0.374026542,0.374026542,0.374026542,0.374026542,0.374026542,0.374026542,0.374026542,0.374026542,0.374026542,0.374026542,0.374026542,0.374026542,0.374026542,0.374026542,0.374026542,0.374026542,0.374026542
0.967633849,0.944345565,0.932422739,0.865923854,0.837895495,0.796002905,0.782057672,0.753646244,0.724827026,0.695351569,0.647379386,0.631642352,0.599749239,0.583929307,0.568052346,0.537036821,0.522080671,0.507094272,0.490156108,0.473186986,0.455846445,0.436832167,0.417996093,0.399062497,0.399062497,0.399062497,0.399062497,0.399062497,0.399062497,0.399062497,0.399062497,0.399062497,0.399062497,0.399062497,0.399062497,0.399062497,0.399062497,0.399062497,0.399062497,0.399062497,0.399062497,0.399062497,0.399062497,0.399062497,0.399062497,0.399062497,0.399062497,0.399062497,0.399062497,0.399062497,0.399062497,0.399062497,0.399062497,0.399062497,0.399062497
0.990216745,0.983034557,0.979309358,0.957895378,0.948523456,0.934096917,0.929176640,0.918958661,0.908314223,0.897115833,0.878156011,0.871722126,0.858330019,0.851501160,0.844515979,0.830465336,0.823485822,0.816350116,0.808104780,0.799641526,0.790770224,0.780766320,0.770550422,0.759950931,0.759950931,0.759950931,0.759950931,0.759950931,0.759950931,0.759950931,0.759950931,0.759950931,0.759950931,0.759950931,0.759950931,0.759950931,0.759950931,0.759950931,0.759950931,0.759950931,0.759950931,0.759950931,0.759950931,0.759950931,0.759950931,0.759950931,0.759950931,0.759950931,0.759950931,0.759950931,0.759950931,0.759950931,0.759950931,0.759950931,0.759950931
0.995875610,0.992832711,0.991249369,0.982079223,0.978028490,0.971747451,0.969592409,0.965095788,0.960380568,0.955385259,0.946844697,0.943922258,0.937798860,0.934655107,0.931424234,0.924878117,0.921602525,0.918236951,0.914326712,0.910289004,0.906029941,0.901193764,0.896217892,0.891014597,0.891014597,0.891014597,0.891014597,0.891014597,0.891014597,0.891014597,0.891014597,0.891014597,0.891014597,0.891014597,0.891014597,0.891014597,0.891014597,0.891014597,0.891014597,0.891014597,0.891014597,0.891014597,0.891014597,0.891014597,0.891014597,0.891014597,0.891014597,0.891014597,0.891014597,0.891014597,0.891014597,0.891014597,0.891014597,0.891014597,0.891014597
0.995189807,0.991643064,0.989798266,0.979123549,0.974413480,0.967116510,0.964614707,0.959397536,0.953931088,0.948144806,0.938263592,0.934885808,0.927813978,0.924186286,0.920460182,0.912917280,0.909146244,0.905273943,0.900777942,0.896138739,0.891248922,0.885701166,0.879998338,0.874040504,0.874040504,0.874040504,0.874040504,0.874040504,0.874040504,0.874040504,0.874040504,0.874040504,0.874040504,0.874040504,0.874040504,0.874040504,0.874040504,0.874040504,0.874040504,0.874040504,0.874040504,0.874040504,0.874040504,0.874040504,0.874040504,0.874040504,0.874040504,0.874040504,0.874040504,0.874040504,0.874040504,0.874040504,0.874040504,0.874040504,0.874040504
0.858722848,0.767140930,0.723320195,0.513544979,0.440988578,0.347784370,0.320462046,0.270009443,0.225419391,0.186005737,0.133600753,0.119215663,0.093792538,0.082875360,0.072946515,0.056250162,0.049355940,0.043130509,0.036853898,0.031307509,0.026338376,0.021623685,0.017632544,0.014227294,0.014227294,0.014227294,0.014227294,0.014227294,0.014227294,0.014227294,0.014227294,0.014227294,0.014227294,0.014227294,0.014227294,0.014227294,0.014227294,0.014227294,0.014227294,0.014227294,0.014227294,0.014227294,0.014227294,0.014227294,0.014227294,0.014227294,0.014227294,0.014227294,0.014227294,0.014227294,0.014227294,0.014227294,0.014227294,0.014227294,0.014227294
0.980996233,0.967158172,0.960018515,0.919477329,0.902002707,0.875423020,0.866446488,0.847949002,0.828886544,0.809060231,0.776026403,0.764969227,0.742201964,0.730721708,0.719068951,0.695906244,0.684537905,0.673009565,0.659807446,0.646389070,0.632468083,0.616947134,0.601291392,0.585255266,0.585255266,0.585255266,0.585255266,0.585255266,0.585255266,0.585255266,0.585255266,0.585255266,0.585255266,0.585255266,0.585255266,0.585255266,0.585255266,0.585255266,0.585255266,0.585255266,0.585255266,0.585255266,0.585255266,0.585255266,0.585255266,0.585255266,0.585255266,0.585255266,0.585255266,0.585255266,0.585255266,0.585255266,0.585255266,0.585255266,0.585255266
0.978082636,0.962164261,0.953965046,0.907588290,0.887695109,0.857551401,0.847403020,0.826542284,0.805118101,0.782916346,0.746112528,0.733847105,0.708678848,0.696033001,0.683228601,0.657872564,0.645475252,0.632936014,0.618617104,0.604109094,0.589106938,0.572440861,0.555695776,0.538613792,0.538613792,0.538613792,0.538613792,0.538613792,0.538613792,0.538613792,0.538613792,0.538613792,0.538613792,0.538613792,0.538613792,0.538613792,0.538613792,0.538613792,0.538613792,0.538613792,0.538613792,0.538613792,0.538613792,0.538613792,0.538613792,0.538613792,0.538613792,0.538613792,0.538613792,0.538613792,0.538613792,0.538613792,0.538613792,0.538613792,0.538613792
0.988991814,0.980919071,0.976734886,0.952721533,0.942233141,0.926113503,0.920622922,0.909232299,0.897383224,0.884936366,0.863907459,0.856784365,0.841978937,0.834440562,0.826737496,0.811267175,0.803594657,0.795758899,0.786715388,0.777444940,0.767740780,0.756814125,0.745674099,0.734135425,0.734135425,0.734135425,0.734135425,0.734135425,0.734135425,0.734135425,0.734135425,0.734135425,0.734135425,0.734135425,0.734135425,0.734135425,0.734135425,0.734135425,0.734135425,0.734135425,0.734135425,0.734135425,0.734135425,0.734135425,0.734135425,0.734135425,0.734135425,0.734135425,0.734135425,0.734135425,0.734135425,0.734135425,0.734135425,0.734135425,0.734135425
0.988211514,0.979572485,0.975096779,0.949436971,0.938243846,0.921058449,0.915209705,0.903083992,0.890481731,0.877256466,0.854942656,0.847393058,0.831715494,0.823740588,0.815596759,0.799257626,0.791162432,0.782900692,0.773372754,0.763613826,0.753407219,0.741925832,0.730232406,0.718133656,0.718133656,0.718133656,0.718133656,0.718133656,0.718133656,0.718133656,0.718133656,0.718133656,0.718133656,0.718133656,0.718133656,0.718133656,0.718133656,0.718133656,0.718133656,0.718133656,0.718133656,0.718133656,0.718133656,0.718133656,0.718133656,0.718133656,0.718133656,0.718133656,0.718133656,0.718133656,0.718133656,0.718133656,0.718133656,0.718133656,0.718133656
0.965830945,0.941285351,0.928732045,0.858886714,0.829537550,0.785775038,0.771235954,0.741660355,0.711724779,0.681177292,0.631618501,0.615405559,0.582618715,0.566391783,0.550131393,0.518441749,0.503197207,0.487946648,0.470740690,0.453537055,0.435992973,0.416799006,0.397831570,0.378814714,0.378814714,0.378814714,0.378814714,0.378814714,0.378814714,0.378814714,0.378814714,0.378814714,0.378814714,0.378814714,0.378814714,0.378814714,0.378814714,0.378814714,0.378814714,0.378814714,0.378814714,0.378814714,0.378814714,0.378814714,0.378814714,0.378814714,0.378814714,0.378814714,0.378814714,0.378814714,0.378814714,0.378814714,0.378814714,0.378814714,0.378814714
0.809718331,0.692565395,0.638353594,0.397119922,0.321551007,0.231393237,0.206589688,0.162932941,0.126876091,0.097210833,0.061454267,0.052479431,0.037638988,0.031707460,0.026568044,0.018532337,0.015461045,0.012826080,0.010314369,0.008227732,0.006475349,0.004926711,0.003713261,0.002758098,0.002758098,0.002758098,0.002758098,0.002758098,0.002758098,0.002758098,0.002758098,0.002758098,0.002758098,0.002758098,0.002758098,0.002758098,0.002758098,0.002758098,0.002758098,0.002758098,0.002758098,0.002758098,0.002758098,0.002758098,0.002758098,0.002758098,0.002758098,0.002758098,0.002758098,0.002758098,0.002758098,0.002758098,0.002758098,0.002758098,0.002758098
0.987665298,0.978630331,0.973950957,0.947142953,0.935459495,0.917533935,0.911436831,0.898802013,0.885679020,0.871916591,0.848718467,0.840876026,0.824600775,0.816327307,0.807882445,0.790951235,0.782568655,0.774017738,0.764161528,0.754072238,0.743526545,0.731671684,0.719606677,0.707132946,0.707132946,0.707132946,0.707132946,0.707132946,0.707132946,0.707132946,0.707132946,0.707132946,0.707132946,0.707132946,0.707132946,0.707132946,0.707132946,0.707132946,0.707132946,0.707132946,0.707132946,0.707132946,0.707132946,0.707132946,0.707132946,0.707132946,0.707132946,0.707132946,0.707132946,0.707132946,0.707132946,0.707132946,0.707132946,0.707132946,0.707132946
0.963419825,0.937199371,0.923808401,0.849544618,0.818466207,0.772272687,0.756966353,0.725894380,0.694534841,0.662631947,0.611094686,0.594296451,0.560423969,0.543709902,0.526995874,0.494525020,0.478954919,0.463412571,0.445919355,0.428474409,0.410733194,0.391382348,0.372322728,0.353278950,0.353278950,0.353278950,0.353278950,0.353278950,0.353278950,0.353278950,0.353278950,0.353278950,0.353278950,0.353278950,0.353278950,0.353278950,0.353278950,0.353278950,0.353278950,0.353278950,0.353278950,0.353278950,0.353278950,0.353278950,0.353278950,0.353278950,0.353278950,0.353278950,0.353278950,0.353278950,0.353278950,0.353278950,0.353278950,0.353278950,0.353278950
